police_region,sum_offences,percentage
1 North West Metro,149570,0.4121214459106101
3 Southern Metro,120158,0.33108035500252114
2 Eastern,58690,0.1617129615597627
0 Melbourne CBD,34509,0.095085237527106
